{
    "_vcs_DPI_package": [
        "_vcs_DPI_package",
        "uM9F1",
        "module",
        1
    ],
    "vcs_paramclassrepository": [
        "vcs_paramclassrepository",
        "hEeZs",
        "module",
        2
    ],
    "_vcs_unit__4145061304": [
        "_vcs_unit__4145061304",
        "ZQfWF",
        "module",
        3
    ],
    "std": [
        "std",
        "reYIK",
        "module",
        4
    ],
    "uvm_pkg": [
        "uvm_pkg",
        "zr7M1",
        "module",
        5
    ],
    "async_fifo_0000": [
        "async_fifo_0000",
        "G53b3",
        "module",
        6
    ],
    "bin2Gray_0000": [
        "bin2Gray_0000",
        "WiJ3h",
        "module",
        7
    ],
    "gray2Bin_0000": [
        "gray2Bin_0000",
        "B5HDL",
        "module",
        8
    ],
    "wr_intf": [
        "wr_intf",
        "FVxfQ",
        "module",
        9
    ],
    "rd_intf": [
        "rd_intf",
        "fJUZs",
        "module",
        10
    ],
    "tb_top": [
        "tb_top",
        "jdPWL",
        "module",
        11
    ],
    "...MASTER...": [
        "SIM",
        "amcQw",
        "module",
        12
    ]
}